,,,,,,,,,,,,,,,
The Effect of Derivative Instruments in   the Consolidated Statement of Earnings
"For the nine months ended September 30,   2013 and 2012"
,,,,,,,,,,,,,,,
(Dollarsinmillions),,Gain (Loss) Recognized in   Earnings
,,,Consolidated,,,,,,,,,,,,
,,,Statement of,,Recognized on,,Attributable to Risk
,,,Earnings Line Item,,Derivatives(1),,Being Hedged(2)
For the nine months ended September 30:,,,,,2013,,,2012,,,2013,,,2012
Derivative instruments in fair value hedges:,,,,,,,,,,,,,,
Interest   rate contracts,,Cost   of financing,,$,(82),,$,68,,$,156,,$,27
,,,Interest   expense,,,(53),,,58,,,101,,,23
Derivative instruments not designated as ,,,,,,,,,,,,,,
,hedging instruments(1):,,,,,,,,,,,,,,
Foreign   exchange contracts,,Other   (income),,,,,,,,,,,,
,,,and   expense,,,(265),,,(56),,,N/A,,,N/A
Equity   contracts,,SG&A   expense,,,105,,,116,,,N/A,,,N/A
,,,,,,,,,,,,,,,
Total,,,,$,(295),,$,186,,$,257,,$,50
,,,,,,,,,,,,,,,
