,,,,,,,,,,,,,Yr. to Yr.,
,,,,,,,,,,,,,Percent,
,,,,,,,,Yr. to Yr.,,Change,
(Dollarsinmillions),,,,,,,,Percent,,Adjusted For,
For the three months ended September 30:,,2013,,2012,,Change,,Currency,
Global   Services external revenue:,,$,"14,052",,$,"14,463",,,(2.8),%,0.6,%
,Global   Technology Services,,$,"9,494",,$,"9,922",,,(4.3),%,(1.1),%
,,Outsourcing,,,"5,377",,,"5,729",,,(6.1),,(2.8),
,,Integrated   Technology Services,,,"2,353",,,"2,384",,,(1.3),,1.8,
,,Maintenance,,,"1,764",,,"1,808",,,(2.4),,0.3,
,Global   Business Services,,$,"4,558",,$,"4,542",,,0.4,%,4.5,%
,,Outsourcing,,,"1,016",,,"1,037",,,(2.0),,2.9,
,,Consulting   and Systems Integration,,,"3,542",,,"3,505",,,1.1,,5.0,
